[{"created_at":"Thu Dec 12 01:32:51 +0000 2013","id":410945309263421442,"id_str":"410945309263421442","text":"@UNEMejorjuntos Hola, no me aparecen las facturas en mi cuenta de une. me llega la factura digital pero no la puedo pagar. por que no aparec","source":"web","truncated":false,"in_reply_to_status_id":null,"in_reply_to_status_id_str":null,"in_reply_to_user_id":60959090,"in_reply_to_user_id_str":"60959090","in_reply_to_screen_name":"UNEMejorjuntos","user":{"id":104011393,"id_str":"104011393","name":"IWTHEMES","screen_name":"iwthemes","location":"","description":"Front end developer and author active ThemeForest\r\nhttp:\/\/t.co\/S9rrZ6JzPH","url":"http:\/\/t.co\/SdoLNFJQyx","entities":{"url":{"urls":[{"url":"http:\/\/t.co\/SdoLNFJQyx","expanded_url":"http:\/\/www.iwthemes.com","display_url":"iwthemes.com","indices":[0,22]}]},"description":{"urls":[{"url":"http:\/\/t.co\/S9rrZ6JzPH","expanded_url":"http:\/\/themeforest.net\/user\/imaginacionweb","display_url":"themeforest.net\/user\/imaginaci\u2026","indices":[51,73]}]}},"protected":false,"followers_count":292,"friends_count":1121,"listed_count":2,"created_at":"Tue Jan 12 00:09:52 +0000 2010","favourites_count":45,"utc_offset":-18000,"time_zone":"Bogota","geo_enabled":true,"verified":false,"statuses_count":1130,"lang":"en","contributors_enabled":false,"is_translator":false,"profile_background_color":"000000","profile_background_image_url":"http:\/\/a0.twimg.com\/profile_background_images\/579648913\/a6kt5ojpqyxd3pqk1n4h.jpeg","profile_background_image_url_https":"https:\/\/si0.twimg.com\/profile_background_images\/579648913\/a6kt5ojpqyxd3pqk1n4h.jpeg","profile_background_tile":true,"profile_image_url":"http:\/\/pbs.twimg.com\/profile_images\/378800000860769867\/KSOOEJSn_normal.png","profile_image_url_https":"https:\/\/pbs.twimg.com\/profile_images\/378800000860769867\/KSOOEJSn_normal.png","profile_link_color":"009999","profile_sidebar_border_color":"FFFFFF","profile_sidebar_fill_color":"EFEFEF","profile_text_color":"333333","profile_use_background_image":true,"default_profile":false,"default_profile_image":false,"following":false,"follow_request_sent":false,"notifications":false},"geo":null,"coordinates":null,"place":null,"contributors":null,"retweet_count":0,"favorite_count":0,"entities":{"hashtags":[],"symbols":[],"urls":[],"user_mentions":[{"screen_name":"UNEMejorjuntos","name":"UNE Mejor juntos","id":60959090,"id_str":"60959090","indices":[0,15]}]},"favorited":false,"retweeted":false,"lang":"es"},{"created_at":"Wed Dec 11 20:00:41 +0000 2013","id":410861718361743360,"id_str":"410861718361743360","text":"It is perfect to show your resume a simple, and punctual way. This website is very easy to configure, if you have... http:\/\/t.co\/ua2OSzPCQf","source":"\u003ca href=\"http:\/\/www.facebook.com\/twitter\" rel=\"nofollow\"\u003eFacebook\u003c\/a\u003e","truncated":false,"in_reply_to_status_id":null,"in_reply_to_status_id_str":null,"in_reply_to_user_id":null,"in_reply_to_user_id_str":null,"in_reply_to_screen_name":null,"user":{"id":104011393,"id_str":"104011393","name":"IWTHEMES","screen_name":"iwthemes","location":"","description":"Front end developer and author active ThemeForest\r\nhttp:\/\/t.co\/S9rrZ6JzPH","url":"http:\/\/t.co\/SdoLNFJQyx","entities":{"url":{"urls":[{"url":"http:\/\/t.co\/SdoLNFJQyx","expanded_url":"http:\/\/www.iwthemes.com","display_url":"iwthemes.com","indices":[0,22]}]},"description":{"urls":[{"url":"http:\/\/t.co\/S9rrZ6JzPH","expanded_url":"http:\/\/themeforest.net\/user\/imaginacionweb","display_url":"themeforest.net\/user\/imaginaci\u2026","indices":[51,73]}]}},"protected":false,"followers_count":292,"friends_count":1121,"listed_count":2,"created_at":"Tue Jan 12 00:09:52 +0000 2010","favourites_count":45,"utc_offset":-18000,"time_zone":"Bogota","geo_enabled":true,"verified":false,"statuses_count":1130,"lang":"en","contributors_enabled":false,"is_translator":false,"profile_background_color":"000000","profile_background_image_url":"http:\/\/a0.twimg.com\/profile_background_images\/579648913\/a6kt5ojpqyxd3pqk1n4h.jpeg","profile_background_image_url_https":"https:\/\/si0.twimg.com\/profile_background_images\/579648913\/a6kt5ojpqyxd3pqk1n4h.jpeg","profile_background_tile":true,"profile_image_url":"http:\/\/pbs.twimg.com\/profile_images\/378800000860769867\/KSOOEJSn_normal.png","profile_image_url_https":"https:\/\/pbs.twimg.com\/profile_images\/378800000860769867\/KSOOEJSn_normal.png","profile_link_color":"009999","profile_sidebar_border_color":"FFFFFF","profile_sidebar_fill_color":"EFEFEF","profile_text_color":"333333","profile_use_background_image":true,"default_profile":false,"default_profile_image":false,"following":false,"follow_request_sent":false,"notifications":false},"geo":null,"coordinates":null,"place":null,"contributors":null,"retweet_count":0,"favorite_count":0,"entities":{"hashtags":[],"symbols":[],"urls":[{"url":"http:\/\/t.co\/ua2OSzPCQf","expanded_url":"http:\/\/fb.me\/3eVfLxZQD","display_url":"fb.me\/3eVfLxZQD","indices":[117,139]}],"user_mentions":[]},"favorited":false,"retweeted":false,"possibly_sensitive":false,"lang":"en"},{"created_at":"Tue Dec 10 04:12:22 +0000 2013","id":410260679740760064,"id_str":"410260679740760064","text":"New Desing!  http:\/\/t.co\/558f8a5SXz","source":"web","truncated":false,"in_reply_to_status_id":null,"in_reply_to_status_id_str":null,"in_reply_to_user_id":null,"in_reply_to_user_id_str":null,"in_reply_to_screen_name":null,"user":{"id":104011393,"id_str":"104011393","name":"IWTHEMES","screen_name":"iwthemes","location":"","description":"Front end developer and author active ThemeForest\r\nhttp:\/\/t.co\/S9rrZ6JzPH","url":"http:\/\/t.co\/SdoLNFJQyx","entities":{"url":{"urls":[{"url":"http:\/\/t.co\/SdoLNFJQyx","expanded_url":"http:\/\/www.iwthemes.com","display_url":"iwthemes.com","indices":[0,22]}]},"description":{"urls":[{"url":"http:\/\/t.co\/S9rrZ6JzPH","expanded_url":"http:\/\/themeforest.net\/user\/imaginacionweb","display_url":"themeforest.net\/user\/imaginaci\u2026","indices":[51,73]}]}},"protected":false,"followers_count":292,"friends_count":1121,"listed_count":2,"created_at":"Tue Jan 12 00:09:52 +0000 2010","favourites_count":45,"utc_offset":-18000,"time_zone":"Bogota","geo_enabled":true,"verified":false,"statuses_count":1130,"lang":"en","contributors_enabled":false,"is_translator":false,"profile_background_color":"000000","profile_background_image_url":"http:\/\/a0.twimg.com\/profile_background_images\/579648913\/a6kt5ojpqyxd3pqk1n4h.jpeg","profile_background_image_url_https":"https:\/\/si0.twimg.com\/profile_background_images\/579648913\/a6kt5ojpqyxd3pqk1n4h.jpeg","profile_background_tile":true,"profile_image_url":"http:\/\/pbs.twimg.com\/profile_images\/378800000860769867\/KSOOEJSn_normal.png","profile_image_url_https":"https:\/\/pbs.twimg.com\/profile_images\/378800000860769867\/KSOOEJSn_normal.png","profile_link_color":"009999","profile_sidebar_border_color":"FFFFFF","profile_sidebar_fill_color":"EFEFEF","profile_text_color":"333333","profile_use_background_image":true,"default_profile":false,"default_profile_image":false,"following":false,"follow_request_sent":false,"notifications":false},"geo":null,"coordinates":null,"place":null,"contributors":null,"retweet_count":0,"favorite_count":0,"entities":{"hashtags":[],"symbols":[],"urls":[{"url":"http:\/\/t.co\/558f8a5SXz","expanded_url":"http:\/\/themeforest.net\/item\/roker-corporate-creative-multi-purpose-teme\/6354076?ref=iwthemes","display_url":"themeforest.net\/item\/roker-cor\u2026","indices":[13,35]}],"user_mentions":[]},"favorited":false,"retweeted":false,"possibly_sensitive":false,"lang":"en"},{"created_at":"Mon Nov 25 01:12:19 +0000 2013","id":404779548467675136,"id_str":"404779548467675136","text":"Take a (Photo) Tour of Envato's Melbourne Headquarters http:\/\/t.co\/KneMAH95Wm","source":"\u003ca href=\"http:\/\/twitter.com\/tweetbutton\" rel=\"nofollow\"\u003eTweet Button\u003c\/a\u003e","truncated":false,"in_reply_to_status_id":null,"in_reply_to_status_id_str":null,"in_reply_to_user_id":null,"in_reply_to_user_id_str":null,"in_reply_to_screen_name":null,"user":{"id":104011393,"id_str":"104011393","name":"IWTHEMES","screen_name":"iwthemes","location":"","description":"Front end developer and author active ThemeForest\r\nhttp:\/\/t.co\/S9rrZ6JzPH","url":"http:\/\/t.co\/SdoLNFJQyx","entities":{"url":{"urls":[{"url":"http:\/\/t.co\/SdoLNFJQyx","expanded_url":"http:\/\/www.iwthemes.com","display_url":"iwthemes.com","indices":[0,22]}]},"description":{"urls":[{"url":"http:\/\/t.co\/S9rrZ6JzPH","expanded_url":"http:\/\/themeforest.net\/user\/imaginacionweb","display_url":"themeforest.net\/user\/imaginaci\u2026","indices":[51,73]}]}},"protected":false,"followers_count":292,"friends_count":1121,"listed_count":2,"created_at":"Tue Jan 12 00:09:52 +0000 2010","favourites_count":45,"utc_offset":-18000,"time_zone":"Bogota","geo_enabled":true,"verified":false,"statuses_count":1130,"lang":"en","contributors_enabled":false,"is_translator":false,"profile_background_color":"000000","profile_background_image_url":"http:\/\/a0.twimg.com\/profile_background_images\/579648913\/a6kt5ojpqyxd3pqk1n4h.jpeg","profile_background_image_url_https":"https:\/\/si0.twimg.com\/profile_background_images\/579648913\/a6kt5ojpqyxd3pqk1n4h.jpeg","profile_background_tile":true,"profile_image_url":"http:\/\/pbs.twimg.com\/profile_images\/378800000860769867\/KSOOEJSn_normal.png","profile_image_url_https":"https:\/\/pbs.twimg.com\/profile_images\/378800000860769867\/KSOOEJSn_normal.png","profile_link_color":"009999","profile_sidebar_border_color":"FFFFFF","profile_sidebar_fill_color":"EFEFEF","profile_text_color":"333333","profile_use_background_image":true,"default_profile":false,"default_profile_image":false,"following":false,"follow_request_sent":false,"notifications":false},"geo":null,"coordinates":null,"place":null,"contributors":null,"retweet_count":0,"favorite_count":0,"entities":{"hashtags":[],"symbols":[],"urls":[{"url":"http:\/\/t.co\/KneMAH95Wm","expanded_url":"http:\/\/insideenvato.ghost.io\/envato-office-tour\/","display_url":"insideenvato.ghost.io\/envato-office-\u2026","indices":[55,77]}],"user_mentions":[]},"favorited":false,"retweeted":false,"possibly_sensitive":false,"lang":"en"},{"created_at":"Thu Nov 21 12:08:04 +0000 2013","id":403495024044036096,"id_str":"403495024044036096","text":"Are you looking for a special site to Hosting or Business Companies? We have \"newHosting\" that now has a new... http:\/\/t.co\/yeCNT88A1f","source":"\u003ca href=\"http:\/\/www.facebook.com\/twitter\" rel=\"nofollow\"\u003eFacebook\u003c\/a\u003e","truncated":false,"in_reply_to_status_id":null,"in_reply_to_status_id_str":null,"in_reply_to_user_id":null,"in_reply_to_user_id_str":null,"in_reply_to_screen_name":null,"user":{"id":104011393,"id_str":"104011393","name":"IWTHEMES","screen_name":"iwthemes","location":"","description":"Front end developer and author active ThemeForest\r\nhttp:\/\/t.co\/S9rrZ6JzPH","url":"http:\/\/t.co\/SdoLNFJQyx","entities":{"url":{"urls":[{"url":"http:\/\/t.co\/SdoLNFJQyx","expanded_url":"http:\/\/www.iwthemes.com","display_url":"iwthemes.com","indices":[0,22]}]},"description":{"urls":[{"url":"http:\/\/t.co\/S9rrZ6JzPH","expanded_url":"http:\/\/themeforest.net\/user\/imaginacionweb","display_url":"themeforest.net\/user\/imaginaci\u2026","indices":[51,73]}]}},"protected":false,"followers_count":292,"friends_count":1121,"listed_count":2,"created_at":"Tue Jan 12 00:09:52 +0000 2010","favourites_count":45,"utc_offset":-18000,"time_zone":"Bogota","geo_enabled":true,"verified":false,"statuses_count":1130,"lang":"en","contributors_enabled":false,"is_translator":false,"profile_background_color":"000000","profile_background_image_url":"http:\/\/a0.twimg.com\/profile_background_images\/579648913\/a6kt5ojpqyxd3pqk1n4h.jpeg","profile_background_image_url_https":"https:\/\/si0.twimg.com\/profile_background_images\/579648913\/a6kt5ojpqyxd3pqk1n4h.jpeg","profile_background_tile":true,"profile_image_url":"http:\/\/pbs.twimg.com\/profile_images\/378800000860769867\/KSOOEJSn_normal.png","profile_image_url_https":"https:\/\/pbs.twimg.com\/profile_images\/378800000860769867\/KSOOEJSn_normal.png","profile_link_color":"009999","profile_sidebar_border_color":"FFFFFF","profile_sidebar_fill_color":"EFEFEF","profile_text_color":"333333","profile_use_background_image":true,"default_profile":false,"default_profile_image":false,"following":false,"follow_request_sent":false,"notifications":false},"geo":null,"coordinates":null,"place":null,"contributors":null,"retweet_count":0,"favorite_count":0,"entities":{"hashtags":[],"symbols":[],"urls":[{"url":"http:\/\/t.co\/yeCNT88A1f","expanded_url":"http:\/\/fb.me\/37Gw5DHQa","display_url":"fb.me\/37Gw5DHQa","indices":[112,134]}],"user_mentions":[]},"favorited":false,"retweeted":false,"possibly_sensitive":false,"lang":"en"}]